asset_name,asset_category,description,model,serial_number,date_of_acquisition,age_at_time_of_acquisition,purchase_value,depreciation_percentage,lpo_number,dig_funder_name,project_name,acquisition_name,current_condition,date_of_disposal,comments
TELEPHONE HEAD SET,Computer and ICT Accessories,YEALINK TELEPHONE HEAD SET,T42G,8019115091004610,7/1/2021,4.83,,20,N/A,Pathfinder International,Stawisha,Donation,Good,,Pathfinder International
TELEPHONE HEAD SET,Computer and ICT Accessories,YEALINK TELEPHONE HEAD SET,T42G,8109115091005120,7/1/2021,4.83,,20,N/A,Pathfinder International,Stawisha,Donation,Good,,Pathfinder International
TELEPHONE HEAD SET,Computer and ICT Accessories,YEALINK TELEPHONE HEAD SET,430 G7,8109315101107750,7/1/2021,4.83,,20,N/A,Pathfinder International,Stawisha,Donation,Good,,Pathfinder International
CONFERENCE PHONE,Computer and ICT Accessories,YEALINK HD IP CONFERENCE PHONE,N/A,8800219122400780,7/1/2021,4.83,,20,N/A,Pathfinder International,Stawisha,Donation,Good,,Pathfinder International
Air Conditioner,Office Equipment,Westpoint Air Conditioner,430 G4,2404041240177060,7/1/2021,4.83,,20,N/A,Pathfinder International,Stawisha,Donation,Faulty,,Pathfinder International
Monitor,Display Monitor,Hp Monitor ,E190i,1CR8190K61,9/29/2021,4.59,,20,9346,LVCT Health,Stawisha,Purchase,Good,,Toshiba Max Ltd
TV,Television,"Samsung LED TV 40""",N/A,046X3K2K400060X,7/1/2021,4.83,,20,N/A,Pathfinder International,Stawisha,Donation,Good,,Pathfinder International
FAN,Office Equipment,Von fan,NA,108VSNJ8621K-1,7/1/2021,4.83, -   ,20,N/A,Pathfinder International,Stawisha,Donation,Faulty,,Pathfinder International
FAN,Office Equipment,Von fan,N/A,108VSNJ8621K-2,7/1/2021,4.83, -   ,20,N/A,Pathfinder International,Stawisha,Donation,Faulty,,Pathfinder International
FAN,Office Equipment,Von fan,N/A,108VSNJ8621K-3,7/1/2021,4.83, -   ,20,N/A,Pathfinder International,Stawisha,Donation,Faulty,,Pathfinder International
Monitor,Display Monitor,HP MONITOR HPV24iFHD,E190I,1CR0330Q4S,9/29/2021,4.59, -   ,20,9346,LVCT Health,Stawisha,Purchase,Good,,Toshiba Max Ltd
Monitor,Display Monitor,HP MONITOR - X24ih,800G2 SFF,1CR0452060,9/29/2021,4.59, -   ,20,9346,LVCT Health,Stawisha,Purchase,Good,,Toshiba Max Ltd
Monitor,Display Monitor,HP MONITOR HP24VG4FHD,Galaxy A7,1CR046DYZR,9/29/2021,4.59, -   ,20,9346,LVCT Health,Stawisha,Purchase,Good,,Toshiba Max Ltd
Monitor,Display Monitor,HP MONITOR - HPP24V,HPN246V,1CR046OYZX,9/29/2021,4.59, -   ,20,9346,LVCT Health,Stawisha,Purchase,Good,,Toshiba Max Ltd
Monitor,Display Monitor,HP Monitor P24vG4,800G2 SFF,1CR1080ZRL,9/29/2021,4.59,,20,9346,LVCT Health,Stawisha,Purchase,Good,,Toshiba Max Ltd
Monitor,Display Monitor,HP MONITOR HPN246V,E190I,1CR8140CX7,9/29/2021,4.59, -   ,20,9346,LVCT Health,Stawisha,Purchase,Good,,Toshiba Max Ltd
Monitor,Display Monitor,HP Monitor,800G2 SFF,1CR8190JYV,9/29/2021,4.59,,20,9346,LVCT Health,Stawisha,Purchase,Good,,Toshiba Max Ltd
Monitor,Display Monitor,HP monitor N223v,Galaxy A7,1CR8190JZ1,9/29/2021,4.59,,20,9346,LVCT Health,Stawisha,Purchase,Good ,,Toshiba Max Ltd
Monitor,Display Monitor,HP MONITOR HPN246V,E190I,1CR8210CL4,9/29/2021,4.59, -   ,20,9346,LVCT Health,Stawisha,Purchase,Good,,Toshiba Max Ltd
Monitor,Display Monitor,HP MONITOR HPN246V,Galaxy A7,1CR8210CL9,9/29/2021,4.59, -   ,20,9346,LVCT Health,Stawisha,Purchase,Good,,Toshiba Max Ltd
Monitor,Display Monitor,HP MONITOR HPN246V,Galaxy A7,1CR8210CLB,9/29/2021,4.59, -   ,20,9346,LVCT Health,Stawisha,Purchase,Good,,Toshiba Max Ltd
Monitor,Display Monitor,HP Monitor N246V,Galaxy A7,1CR8210CLG,9/29/2021,4.59,,20,9346,LVCT Health,Stawisha,Purchase,Good ,,Toshiba Max Ltd
Monitor,Display Monitor,HP MONITOR - HPN246V,800G2 SFF,1CR8210CLS,9/29/2021,4.59, -   ,20,9346,LVCT Health,Stawisha,Purchase,Good,,Toshiba Max Ltd
Monitor,Display Monitor,Monitor HP N246V,24MH,1CR8300100,9/29/2021,4.59,,20,9346,LVCT Health,Stawisha,Purchase,Good ,,Toshiba Max Ltd
Monitor,Display Monitor,Hp monitor Hp N246v,800G2 SFF,1CR8300119,9/29/2021,4.59,,20,9346,LVCT Health,Stawisha,Purchase,Good,,Toshiba Max Ltd
Monitor,Display Monitor,HP MONITOR HPN246V,E190I,1CR8740CXP,9/29/2021,4.59, -   ,20,9346,LVCT Health,Stawisha,Purchase,Good,,Toshiba Max Ltd
Monitor,Display Monitor,HP MONITOR,HPN246V,1CR93907SG,9/29/2021,4.59, -   ,20,9346,LVCT Health,Stawisha,Purchase,Donated through dispostion,,Toshiba Max Ltd
TELEPHONE HEAD SET,Computer and ICT Accessories,YEALINK TELEPHONE HEAD SET,T31G,201044D120010742,7/1/2021,4.83,,20,N/A,Pathfinder International,Stawisha,Donation,Good,,Pathfinder International
TELEPHONE HEAD SET,Computer and ICT Accessories,YEALINK TELEPHONE HEAD SET,T31G,201044D120011552,7/1/2021,4.83,,20,N/A,Pathfinder International,Stawisha,Donation,Good,,Pathfinder International
TELEPHONE HEAD SET,Computer and ICT Accessories,YEALINK TELEPHONE HEAD SET,T31G,201044D120012278,7/1/2021,4.83,,20,N/A,Pathfinder International,Stawisha,Donation,Good,,Pathfinder International
TELEPHONE HEAD SET,Computer and ICT Accessories,YEALINK TELEPHONE HEAD SET,T31G,201044D120012578,7/1/2021,4.83,,20,N/A,Pathfinder International,Stawisha,Donation,Good,,Pathfinder International
TELEPHONE HEAD SET,Computer and ICT Accessories,YEALINK TELEPHONE HEAD SET,T-46U,201044D120012944,7/1/2021,4.83,,20,N/A,Pathfinder International,Stawisha,Donation,Good,,Pathfinder International
TELEPHONE HEAD SET,Computer and ICT Accessories,YEALINK TELEPHONE HEAD SET,T-46U,201044D120013217,7/1/2021,4.83,,20,N/A,Pathfinder International,Stawisha,Donation,Good,,Pathfinder International
FAN,Office Equipment,Von fan,VSNJ6622k,201VSNJ6622K0884,7/1/2021,4.83, -   ,20,N/A,Pathfinder International,Stawisha,Donation,Good,,Pathfinder International
Monitor,Display Monitor,HP EYE EASE MONITOR,P196 GA WXGA,21010903040GT,9/29/2021,4.59, -   ,20,9346,LVCT Health,Stawisha,Purchase,Good,,Toshiba Max Ltd
FAN,Office Equipment,Von fan,NA,210VSNJ6622A0874,7/1/2021,4.83, -   ,20,N/A,Pathfinder International,Stawisha,Donation,Good,,Pathfinder International
FAN,Office Equipment,Von fan,VSNJ6622k,210VSNJ6622k0397,7/1/2021,4.83, -   ,20,N/A,Pathfinder International,Stawisha,Donation,Good,,Pathfinder International
FAN,Office Equipment,Von fan,RT28K3032S8,210VSNJ6622K0607,7/1/2021,4.83, -   ,20,N/A,Pathfinder International,Stawisha,Donation,Faulty,,Pathfinder International
FAN,Office Equipment,Von fan,N/A,210VSNJ6622K407,7/1/2021,4.83, -   ,20,N/A,Pathfinder International,Stawisha,Donation,Good,,Pathfinder International
CONFERENCE VIDEO,Computer and ICT Accessories,LOGITECH GROUP VIDEO SYSTEM,N/A,2121LZ52H578,7/1/2021,4.83,,20,N/A,Pathfinder International,Stawisha,Donation,Good,,Pathfinder International
Scanner,Scanner,HP Scanner,,2789-15-5037,7/1/2021,4.83,,20,N/A,Pathfinder International,Stawisha,Donation,Good,,Pathfinder International
UPS,Power Backups,APC BACK UPS UNIVERSAL OUTLET,430 G3,3B1807X21566,7/1/2021,4.83,,20,N/A,Pathfinder International,Stawisha,Donation,Good,,Pathfinder International
Monitor,Display Monitor,HP Monitor G4 WXGA,290 G4,3C22130Y4W,8/10/2023,2.72, -   ,20,PO-23-01758,LVCT Health,Stawisha,Purchase,Good,,BRIGHT TECHNOLOGIES LIMITED
Monitor,Display Monitor,HP MONITOR 24MH,Galaxy A7,3CE0361HW,9/29/2021,4.59, -   ,20,9346,LVCT Health,Stawisha,Purchase,Good,,Toshiba Max Ltd
Monitor,Display Monitor,Monitor HP 24MH,800G2 SFF,3CM03110BG,9/29/2021,4.59,,20,9346,LVCT Health,Stawisha,Purchase,Good ,,Toshiba Max Ltd
Monitor,Display Monitor,HP MONITOR 24MH,E190I,3CM03320TD,9/29/2021,4.59, -   ,20,9346,LVCT Health,Stawisha,Purchase,Good,,Toshiba Max Ltd
Monitor,Display Monitor,HP DISPLAY 24MH,Galaxy A7,3CM0380TWS,9/29/2021,4.59, -   ,20,9346,LVCT Health,Stawisha,Purchase,Faulty,,Toshiba Max Ltd
Monitor,Display Monitor,HP DISPLAY 24MH,24MH,3CM0380V5Z,9/29/2021,4.59, -   ,20,9346,LVCT Health,Stawisha,Purchase,Good,,Toshiba Max Ltd
Monitor,Display Monitor,HP monitor HP 24mh,Galaxy A7,3CM0460BHK,9/29/2021,4.59,,20,9346,LVCT Health,Stawisha,Purchase,Good ,,Toshiba Max Ltd
Monitor,Display Monitor,HP MONITOR HPP24G4,E190I,3CM05128PK,9/29/2021,4.59, -   ,20,9346,LVCT Health,Stawisha,Purchase,Good,,Toshiba Max Ltd
Monitor,Display Monitor,HP MONITOR HP24MH,HP24VG4FHD,3CM1060G0F,9/29/2021,4.59, -   ,20,9346,LVCT Health,Stawisha,Purchase,Good,,Toshiba Max Ltd
Monitor,Display Monitor,HP MONITOR - HPP24G4,HP24MH,3CM10813FT,9/29/2021,4.59, -   ,20,9346,LVCT Health,Stawisha,Purchase,Good,,Toshiba Max Ltd
Monitor,Display Monitor,HP MONITOR - HPM24FFHD,HPP24V,3CM11501QM,9/29/2021,4.59, -   ,20,9346,LVCT Health,Stawisha,Purchase,Good,,Toshiba Max Ltd
Monitor,Display Monitor,HP MONITOR - HPZHAND24,HP240MONITOR,3CM1161ZCH,9/29/2021,4.59, -   ,20,9346,LVCT Health,Stawisha,Purchase,Good,,Toshiba Max Ltd
Monitor,Display Monitor,HP MONITOR - M24F FHD,E190I,3CM1180C0J,9/29/2021,4.59, -   ,20,9346,LVCT Health,Stawisha,Purchase,Good,,Toshiba Max Ltd
Monitor,Display Monitor,HP V20 HDI MONITOR,800G2 SFF,3CQ1110GVB,9/29/2021,4.59, -   ,20,9346,LVCT Health,Stawisha,Purchase,Good,,Toshiba Max Ltd
Monitor,Display Monitor,HP Monitor - HP P19bG4 WXGA,Hp P19B,3CQ218021L8,6/6/2023,2.9, -   ,20,PO-23-01598,LVCT Health,Stawisha,Purchase,Good,,DIAL UP ASSOCIATES COMPANY LTD
Monitor,Display Monitor,HP Monitor G4 WXGA,HP 14s-dq5012nia,3CQ23917MD,8/10/2023,2.72, -   ,20,PO-23-01758,LVCT Health,Stawisha,Purchase,Good,,BRIGHT TECHNOLOGIES LIMITED
Monitor,Display Monitor,HP Monitor G4 WXGA,G4 WXGA,3CQ23917QS,8/10/2023,2.72, -   ,20,PO-23-01758,LVCT Health,Stawisha,Purchase,Good,,BRIGHT TECHNOLOGIES LIMITED
Monitor,Display Monitor,HP Monitor G4 WXGA,290 G4,3CQ2391BIF,8/10/2023,2.72, -   ,20,PO-23-01758,LVCT Health,Stawisha,Purchase,Good,,BRIGHT TECHNOLOGIES LIMITED
Monitor,Display Monitor,HP Monitor G4 WXGA,Neo 30a-24 AIO,3CQ2391BIK,8/11/2023,2.72, -   ,20,PO-23-01759,LVCT Health,Stawisha,Purchase,Good,,BRIGHT TECHNOLOGIES LIMITED
Monitor,Display Monitor,HP Monitor G4 WXGA,G4 WXGA,3CQ2391BIM,8/10/2023,2.72, -   ,20,PO-23-01758,LVCT Health,Stawisha,Purchase,Good,,BRIGHT TECHNOLOGIES LIMITED
Monitor,Display Monitor,HP Monitor G4 WXGA,Spectre X360,3CQ2391CB8,8/10/2023,2.72,,20,PO-23-01758,LVCT Health,Stawisha,Purchase,Good,,BRIGHT TECHNOLOGIES LIMITED
Monitor,Display Monitor,Hp monitor P19b G4,HP P19b,3CQ2391CB9,6/6/2023,2.9,,20,PO-23-01598,LVCT Health,Stawisha,Purchase,Good ,,DIAL UP ASSOCIATES COMPANY LTD
Monitor,Display Monitor,HP Monitor G4 WXGA,G4 WXGA,3CQ2391CRD,8/10/2023,2.72, -   ,20,PO-23-01758,LVCT Health,Stawisha,Purchase,Good,,BRIGHT TECHNOLOGIES LIMITED
Monitor,Display Monitor,HP Monitor G4 WXGA,290 G4,3CQ2391D02,8/10/2023,2.72, -   ,20,PO-23-01758,LVCT Health,Stawisha,Purchase,Good,,BRIGHT TECHNOLOGIES LIMITED
Monitor,Display Monitor,HP Monitor G4 WXGA,G4 WXGA,3CQ2391DIH,8/10/2023,2.72, -   ,20,PO-23-01758,LVCT Health,Stawisha,Purchase,Good,,BRIGHT TECHNOLOGIES LIMITED
Monitor,Display Monitor,HP Monitor G4 WXGA,G4 WXGA,3CQ2391DIL,8/10/2023,2.72, -   ,20,PO-23-01758,LVCT Health,Stawisha,Purchase,Good,,BRIGHT TECHNOLOGIES LIMITED
Monitor,Display Monitor,HP Monitor P19b WXGA,430 G8,3CQ24603PF,8/10/2023,2.72,,20,PO-23-01758,LVCT Health,Stawisha,Purchase,Good ,,BRIGHT TECHNOLOGIES LIMITED
Monitor,Display Monitor,Monitor HP P19B,P19b G4,3CQ24603PG,6/6/2023,2.9,,20,PO-23-01598,LVCT Health,Stawisha,Purchase,Good ,,DIAL UP ASSOCIATES COMPANY LTD
Monitor,Display Monitor,HP Monitor G4 WXGA,G4 WXGA,3CQ24603PH,8/10/2023,2.72, -   ,20,PO-23-01758,LVCT Health,Stawisha,Purchase,Good,,BRIGHT TECHNOLOGIES LIMITED
Monitor,Display Monitor,HP Monitor G4 WXGA,290 G4,3CQ24603PJ,8/10/2023,2.72, -   ,20,PO-23-01758,LVCT Health,Stawisha,Purchase,Good,,BRIGHT TECHNOLOGIES LIMITED
Monitor,Display Monitor,HP Monitor ,Elite 650 Pro,3CQ24603PM,6/6/2023,2.9,,20,PO-23-01598,LVCT Health,Stawisha,Purchase,Good ,,DIAL UP ASSOCIATES COMPANY LTD
Monitor,Display Monitor,HP Monitor G4 WXGA,G4 WXGA,3CQ24603PZ,8/10/2023,2.72, -   ,20,PO-23-01758,LVCT Health,Stawisha,Purchase,Good,,BRIGHT TECHNOLOGIES LIMITED
Monitor,Display Monitor,Hp monitor P19b G4,N91X741,3CQ246603PW,7/14/2022,3.8,,20,10471,LVCT Health,Stawisha,Purchase,Good ,,ATOZ COMPUTERS 
Monitor,Display Monitor,Hp monitor hpv193,290 G4,3CQ4452B7R,7/14/2022,3.8,,20,10471,LVCT Health,Stawisha,Purchase,Good,,ATOZ COMPUTERS 
Monitor,Display Monitor,HP MONITOR V193,BV8001-MSX,3CQ5172NF8,7/1/2021,4.83,,20,N/A,Pathfinder International,Stawisha,Donation,Good,,Pathfinder International
Monitor,Display Monitor,Hp monitor V193,hpv193,3CQ5211466,7/14/2022,3.8,,20,10471,LVCT Health,Stawisha,Purchase,Good ,,ATOZ COMPUTERS 
Monitor,Display Monitor,HP MONITOR,400 G7,3CQ6123Z8P,7/14/2022,3.8,,20,10471,LVCT Health,Stawisha,Purchase,Good ,,ATOZ COMPUTERS 
Monitor,Display Monitor,HP MONITOR P196 GA WXGA,HP P244,3CQO251Y50,9/29/2021,4.59, -   ,20,9346,LVCT Health,Stawisha,Purchase,Good,,Toshiba Max Ltd
LAPTOP,Laptop,Hp Spectre X360,HP P19b WXGA,5CD0115G27,8/10/2023,2.72,,20,N/A,LVCT Health,Stawisha,Warranty Replacement,Good,,ATOZ COMPUTERS 
Laptop,Laptop,HP Probook 430 G3,430 G3,5CD62089QM,7/1/2021,4.83,,20,N/A,Pathfinder International,Stawisha,Donation,Faulty,,Pathfinder International
Laptop,Laptop,HP Probook 430 G3,430 G1,5CD62089QN,7/1/2021,4.83,,20,N/A,Pathfinder International,Stawisha,Donation,Good,,Pathfinder International
Laptop,Laptop,HP Probook 430 G3,WEST POINT,5CD62089QV,7/1/2021,4.83,,20,N/A,Pathfinder International,Stawisha,Donation,Good,,Pathfinder International
Laptop,Laptop,HP Probook 430 G3,430 G4,5CD62089QY,7/1/2021,4.83,,20,N/A,Pathfinder International,Stawisha,Donation,Good,,Pathfinder International
Laptop,Laptop,HP Probook 430 G3,430 G4,5CD62089R3,7/1/2021,4.83,,20,N/A,Pathfinder International,Stawisha,Donation,Good,,Pathfinder International
Laptop,Laptop,HP PROBOOK,840 G4,5CD62089RO,7/1/2021,4.83, -   ,20,N/A,Pathfinder International,Stawisha,Purchase,Faulty,,Pathfinder International
Laptop,Laptop,HP Probook 830 G2,430 G4,5CD6253LYR,7/1/2021,4.83,,20,N/A,Pathfinder International,Stawisha,Donation,Good,,Pathfinder International
Laptop,Laptop,HP Probook 430 G4,Spectre X360 2020,5CD724BH39,7/1/2021,4.83,,20,N/A,Pathfinder International,Stawisha,Donation,Donated to exiting staff,,Pathfinder International
Laptop,Laptop,HP Elitebook 840 G4,N/A,5cg8070g67,7/1/2021,4.83,,20,N/A,Pathfinder International,Stawisha,Donation,Good,,Pathfinder International
Laptop,Laptop,ELITEBOOK,MFP M283fdw,5CG81100BT,7/1/2021,4.83,,20,N/A,Pathfinder International,Stawisha,Donation,Faulty,,Pathfinder International
Monitor,Display Monitor,HP MONITOR HP240H,,6CM0251F27,9/29/2021,4.59, -   ,20,9346,LVCT Health,Stawisha,Purchase,Good,,Toshiba Max Ltd
Monitor,Display Monitor,HP MONITOR HPHQTRE,HPP24G4,74006701002JN,9/29/2021,4.59, -   ,20,9346,LVCT Health,Stawisha,Purchase,Good,,Toshiba Max Ltd
TELEPHONE HEAD SET,Computer and ICT Accessories,YEALINK TELEPHONE HEAD SET,T42G,801203E040610059,7/1/2021,4.83,,20,N/A,Pathfinder International,Stawisha,Donation,Good,,Pathfinder International
TELEPHONE HEAD SET,Computer and ICT Accessories,YEALINK TELEPHONE HEAD SET,T42G,801203E040611060,7/1/2021,4.83,,20,N/A,Pathfinder International,Stawisha,Donation,Good,,Pathfinder International
TELEPHONE HEAD SET,Computer and ICT Accessories,YEALINK TELEPHONE HEAD SET,T42G,801203E04C607876,7/1/2021,4.83,,20,N/A,Pathfinder International,Stawisha,Donation,Good,,Pathfinder International
TELEPHONE HEAD SET,Computer and ICT Accessories,YEALINK TELEPHONE HEAD SET,T42G,8109115091005130-A,7/1/2021,4.83,,20,N/A,Pathfinder International,Stawisha,Donation,Good,,Pathfinder International
TELEPHONE HEAD SET,Computer and ICT Accessories,YEALINK TELEPHONE HEAD SET,T42G,8109115091005132-Z,7/1/2021,4.83,,20,N/A,Pathfinder International,Stawisha,Donation,Good,,Pathfinder International
TELEPHONE HEAD SET,Computer and ICT Accessories,YEALINK TELEPHONE HEAD SET,T42G,8109115091005193-X,7/1/2021,4.83,,20,N/A,Pathfinder International,Stawisha,Donation,Good,,Pathfinder International
TELEPHONE HEAD SET,Computer and ICT Accessories,YEALINK TELEPHONE HEAD SET,T48G,8109115091005194-V,7/1/2021,4.83,,20,N/A,Pathfinder International,Stawisha,Donation,Good,,Pathfinder International
TELEPHONE HEAD SET,Computer and ICT Accessories,YEALINK TELEPHONE HEAD SET,T48G,8109115091005197-V,7/1/2021,4.83,,20,N/A,Pathfinder International,Stawisha,Donation,Good,,Pathfinder International
TELEPHONE HEAD SET,Computer and ICT Accessories,YEALINK TELEPHONE HEAD SET,T48G,8109315101106655-1,7/1/2021,4.83,,20,N/A,Pathfinder International,Stawisha,Donation,Good,,Pathfinder International
TELEPHONE HEAD SET,Computer and ICT Accessories,YEALINK TELEPHONE HEAD SET,430 G2,8109315101106656-2,7/1/2021,4.83,,20,N/A,Pathfinder International,Stawisha,Donation,Good,,Pathfinder International
Laptop,Laptop,HP Probook 430 G1,430 G3,8CG42806F3,7/1/2021,4.83,,20,N/A,Pathfinder International,Stawisha,Donation,Good,,Pathfinder International
UPS,Power Backups,APC BACK UPS UNIVERSAL OUTLET,S4Q12JA3QB,9B1931A16514,7/1/2021,4.83,,20,N/A,Pathfinder International,Stawisha,Donation,Good,,Pathfinder International
UPS,Power Backups,APC BACK UPS UNIVERSAL OUTLET,BX6501-AF,9B1931A16516,7/1/2021,4.83,,20,N/A,Pathfinder International,Stawisha,Donation,Faulty,,Pathfinder International
UPS,Power Backups,APC BACK UPS UNIVERSAL OUTLET,BV6501-MSX,9B1938A06694,7/1/2021,4.83,,20,N/A,Pathfinder International,Stawisha,Donation,Good,,Pathfinder International
UPS,Power Backups,APC 800VA BACK UPS UNIVERSAL OUTLET,430 G4,9B1938A17831,7/1/2021,4.83,,20,N/A,Pathfinder International,Stawisha,Donation,Good,,Pathfinder International
UPS,Power Backups,APC 800VA BACK UPS UNIVERSAL OUTLET,430 G4,9B1938A18207,7/1/2021,4.83,,20,N/A,Pathfinder International,Stawisha,Donation,Good,,Pathfinder International
ups,Power Backups,APC UPS 650,BV6501-MSX,9B19B38A17807,7/1/2021,4.83,,20,N/A,Pathfinder International,Stawisha,Donation,Good ,,Pathfinder International
UPS,Power Backups,APC BACK UPS UNIVERSAL OUTLET,,9B2015A03757,7/1/2021,4.83,,20,N/A,Pathfinder International,Stawisha,Donation,Faulty,,Pathfinder International
UPS,Power Backups,APC 800VA BACK UPS UNIVERSAL OUTLET,BV8001-MSX,9B21009A20951,7/1/2021,4.83,,20,N/A,Pathfinder International,Stawisha,Donation,Good,,Pathfinder International
Monitor,Display Monitor,HP ELITEDISPLAY E190I,E190I,C940160PSP,9/29/2021,4.59, -   ,20,9346,LVCT Health,Stawisha,Purchase,Good,,Toshiba Max Ltd
Monitor,Display Monitor,HP ELITEDISPLAY E190I,800G2 SFF,CN40160CQN,9/29/2021,4.59, -   ,20,9346,LVCT Health,Stawisha,Purchase,Good,,Toshiba Max Ltd
Monitor,Display Monitor,HP ELITEDISPLAY E190I,E190I,CN40160PSL,9/29/2021,4.59, -   ,20,9346,LVCT Health,Stawisha,Purchase,Good,,Toshiba Max Ltd
Monitor,Display Monitor,HP ELITEDISPLAY,Galaxy A7,CN40160Q02,9/29/2021,4.59, -   ,20,9346,LVCT Health,Stawisha,Purchase,Good,,Toshiba Max Ltd
Monitor,Display Monitor,HP ELITEDISPLAY E190I,Galaxy A7,CN40160Q03,9/29/2021,4.59,,20,9346,LVCT Health,Stawisha,Purchase,Good,,Toshiba Max Ltd
Monitor,Display Monitor,HP ELITEDISPLAY E190i,V20,CN40160Q0M,9/29/2021,4.59, -   ,20,9346,LVCT Health,Stawisha,Purchase,Good,,Toshiba Max Ltd
Monitor,Display Monitor,HP ELITEDISPLAY,E190I,CN40160Q3T,9/29/2021,4.59, -   ,20,9346,LVCT Health,Stawisha,Purchase,Good,,Toshiba Max Ltd
Monitor,Display Monitor,HP ELITEDISPLAY E190I,800G2 SFF,CN40160Q3Z,9/29/2021,4.59, -   ,20,9346,LVCT Health,Stawisha,Purchase,Good,,Toshiba Max Ltd
Monitor,Display Monitor,HP monitor ,HP 24mh,CN40160Q60,9/29/2021,4.59,,20,9346,LVCT Health,Stawisha,Purchase,Good ,,Toshiba Max Ltd
Monitor,Display Monitor,HP ELITEDISPLAY E190I,Galaxy A7,CN40160Q90,9/29/2021,4.59, -   ,20,9346,LVCT Health,Stawisha,Purchase,Good,,Toshiba Max Ltd
Monitor,Display Monitor,elite display,Galaxy A7,CN40160Q91,9/29/2021,4.59, -   ,20,9346,LVCT Health,Stawisha,Purchase,Good,,Toshiba Max Ltd
Monitor,Display Monitor,HP ELITEDISPLAY E190I,E190I,CN40160Q92,9/29/2021,4.59,,20,9346,LVCT Health,Stawisha,Purchase,Good,,Toshiba Max Ltd
Monitor,Display Monitor,HP ELITEDISPLAY E190I,E190I,CN40160Q95,9/29/2021,4.59, -   ,20,9346,LVCT Health,Stawisha,Purchase,Good,,Toshiba Max Ltd
Monitor,Display Monitor,HP ELITEDISPLAY E190I,800G2 SFF,CN40160Q97,9/29/2021,4.59, -   ,20,9346,LVCT Health,Stawisha,Purchase,Good,,Toshiba Max Ltd
Monitor,Display Monitor,HP ELITEDISPLAY E190i,800G2 SFF,CN40160Q98,9/29/2021,4.59, -   ,20,9346,LVCT Health,Stawisha,Purchase,Faulty,,Toshiba Max Ltd
Monitor,Display Monitor,HP ELITEDISPLAY E190i,800G2 SFF,CN40160Q99,9/29/2021,4.59, -   ,20,9346,LVCT Health,Stawisha,Purchase,Good,,Toshiba Max Ltd
Monitor,Display Monitor,HP ELITEDISPLAY,800G2 SFF,CN40160Q9H,9/29/2021,4.59, -   ,20,9346,LVCT Health,Stawisha,Purchase,Good,,Toshiba Max Ltd
Monitor,Display Monitor,HP ELITEDISPLAY E190I,Galaxy A7,CN40160Q9L,9/29/2021,4.59, -   ,20,9346,LVCT Health,Stawisha,Purchase,Faulty,,Toshiba Max Ltd
Monitor,Display Monitor,HP ELITEDISPLAY E190I,N/A,CN40160Q9P,9/29/2021,4.59, -   ,20,9346,LVCT Health,Stawisha,Purchase,Faulty,,Toshiba Max Ltd
Monitor,Display Monitor,HP ELITEDISPLAY E190I,HP X24ih,CN40160Q9T,9/29/2021,4.59, -   ,20,9346,LVCT Health,Stawisha,Purchase,Good,,Toshiba Max Ltd
Monitor,Display Monitor,HP ELITEDISPLAY E190I,800G2 SFF,CN40160QBB,9/29/2021,4.59, -   ,20,9346,LVCT Health,Stawisha,Purchase,Good,,Toshiba Max Ltd
Monitor,Display Monitor,HP ELITEDISPLAY,E190I,CN40160QBF,9/29/2021,4.59,,20,9346,LVCT Health,Stawisha,Purchase,Faulty,,Toshiba Max Ltd
Monitor,Display Monitor,HP ELITEDISPLAY E190I,Galaxy A7,CN40160QBH,9/29/2021,4.59, -   ,20,9346,LVCT Health,Stawisha,Purchase,Good,,Toshiba Max Ltd
Monitor,Display Monitor,HP ELITEDISPLAY,800G2 SFF,CN40160QC,9/29/2021,4.59,,20,9346,LVCT Health,Stawisha,Purchase,Donated through dispostion,,Toshiba Max Ltd
Monitor,Display Monitor,HP ELITEDISPLAY E190I,Galaxy A7,CN40160QC2,9/29/2021,4.59, -   ,20,9346,LVCT Health,Stawisha,Purchase,Good,,Toshiba Max Ltd
Monitor,Display Monitor,HP ELITEDISPLAY E190I,E190I,CN40160QC3,9/29/2021,4.59, -   ,20,9346,LVCT Health,Stawisha,Purchase,Good,,Toshiba Max Ltd
Monitor,Display Monitor,HP ELITEDISPLAY E190I,E190I,CN40160QC4,9/29/2021,4.59,,20,9346,LVCT Health,Stawisha,Purchase,Good,,Toshiba Max Ltd
Monitor,Display Monitor,HP ELITEDISPLAY E190i,800G2 SFF,CN40160QC5,9/29/2021,4.59, -   ,20,9346,LVCT Health,Stawisha,Purchase,Good,,Toshiba Max Ltd
Monitor,Display Monitor,HP ELITEDISPLAY E190I,Galaxy A7,CN40160QC7,9/29/2021,4.59,,20,9346,LVCT Health,Stawisha,Purchase,Good,,Toshiba Max Ltd
Monitor,Display Monitor,HP ELITEDISPLAY E190I,E190I,CN40160QCK,9/29/2021,4.59, -   ,20,9346,LVCT Health,Stawisha,Purchase,Good,,Toshiba Max Ltd
Monitor,Display Monitor,HP ELITEDISPLAY E190I,HPN246V,CN40160QCL,9/29/2021,4.59,,20,9346,LVCT Health,Stawisha,Purchase,Good,,Toshiba Max Ltd
Monitor,Display Monitor,HP ELITEDISPLAY E190I,E190I,CN40160QCS,9/29/2021,4.59, -   ,20,9346,LVCT Health,Stawisha,Purchase,Good,,Toshiba Max Ltd
Monitor,Display Monitor,HP ELITEDISPLAY E190i,800G2 SFF,CN40160QCW,9/29/2021,4.59, -   ,20,9346,LVCT Health,Stawisha,Purchase,Good,,Toshiba Max Ltd
Monitor,Display Monitor,HP ELITEDISPLAY E190I,800 G2,CN40160QCX,9/29/2021,4.59, -   ,20,9346,LVCT Health,Stawisha,Purchase,Good,,Toshiba Max Ltd
Monitor,Display Monitor,HP ELITEDISPLAY E190I,E190I,CN40160QTV,9/29/2021,4.59, -   ,20,9346,LVCT Health,Stawisha,Purchase,Good,,Toshiba Max Ltd
Monitor,Display Monitor,HP Monitor P244,Galaxy A7,CN403802S2,9/29/2021,4.59,,20,9346,LVCT Health,Stawisha,Purchase,Good ,,Toshiba Max Ltd
Monitor,Display Monitor,HP ELITEDISPLAY E190I,800G2 SFF,CN40523182,9/29/2021,4.59, -   ,20,9346,LVCT Health,Stawisha,Purchase,Faulty,,Toshiba Max Ltd
Monitor,Display Monitor,HP ELITEDISPLAY E190I,E190I,CN40523189,9/29/2021,4.59, -   ,20,9346,LVCT Health,Stawisha,Purchase,Faulty,,Toshiba Max Ltd
Monitor,Display Monitor,HP ELITEDISPLAY E190I,800G2 SFF,CN4052318H,9/29/2021,4.59, -   ,20,9346,LVCT Health,Stawisha,Purchase,Good,,Toshiba Max Ltd
Monitor,Display Monitor,HP ELITEDISPLAY E190I,Galaxy A7,CN4052318P,9/29/2021,4.59, -   ,20,9346,LVCT Health,Stawisha,Purchase,Faulty,,Toshiba Max Ltd
Monitor,Display Monitor,HP ELITEDISPLAY E190I,Galaxy A7,CN4052318T,9/29/2021,4.59,,20,9346,LVCT Health,Stawisha,Purchase,Good,,Toshiba Max Ltd
Monitor,Display Monitor,HP ELITEDISPLAY E190I,Galaxy A7,CN4052318X,9/29/2021,4.59,,20,9346,LVCT Health,Stawisha,Purchase,Good,,Toshiba Max Ltd
Monitor,Display Monitor,HP ELITEDISPLAY,HPP24G4,CN40523190,9/29/2021,4.59,,20,9346,LVCT Health,Stawisha,Purchase,Donated through dispostion,,Toshiba Max Ltd
Monitor,Display Monitor,HP ELITEDISPLAY E190I,Galaxy A7,CN40523191,9/29/2021,4.59, -   ,20,9346,LVCT Health,Stawisha,Purchase,Good,,Toshiba Max Ltd
Monitor,Display Monitor,HP ELITEDISPLAY,800G2 SFF,CN40523193,9/29/2021,4.59, -   ,20,9346,LVCT Health,Stawisha,Purchase,Faulty,,Toshiba Max Ltd
Monitor,Display Monitor,HP ELITEDISPLAY,800G2 SFF,CN40523194,9/29/2021,4.59, -   ,20,9346,LVCT Health,Stawisha,Purchase,Faulty,,Toshiba Max Ltd
Monitor,Display Monitor,HP ELITEDISPLAY E190I,E190I,CN40523195,9/29/2021,4.59, -   ,20,9346,LVCT Health,Stawisha,Purchase,Good,,Toshiba Max Ltd
Monitor,Display Monitor,HP ELITEDISPLAY E190I,HPE24t,CN40523198,9/29/2021,4.59, -   ,20,9346,LVCT Health,Stawisha,Purchase,Good,,Toshiba Max Ltd
Monitor,Display Monitor,HP ELITEDISPLAY E190I,A7,CN40523199,9/29/2021,4.59, -   ,20,9346,LVCT Health,Stawisha,Purchase,Faulty,,Toshiba Max Ltd
Monitor,Display Monitor,HP ELITEDISPLAY E190I,HPHQTRE,CN4052319F,9/29/2021,4.59, -   ,20,9346,LVCT Health,Stawisha,Purchase,Good,,Toshiba Max Ltd
Monitor,Display Monitor,HP ELITEDISPLAY E190I,E190I,CN4052319G,9/29/2021,4.59, -   ,20,9346,LVCT Health,Stawisha,Purchase,Good,,Toshiba Max Ltd
Monitor,Display Monitor,HP ELITEDISPLAY E190I,E190I,CN4052319J,9/29/2021,4.59, -   ,20,9346,LVCT Health,Stawisha,Purchase,Good,,Toshiba Max Ltd
Monitor,Display Monitor,HP ELITEDISPLAY E190i,E190I,CN4052319K,9/29/2021,4.59, -   ,20,9346,LVCT Health,Stawisha,Purchase,Good,,Toshiba Max Ltd
Monitor,Display Monitor,HP ELITEDISPLAY HP190I,800G2 SFF,CN4052319L,9/29/2021,4.59,,20,9346,LVCT Health,Stawisha,Purchase,Good,,Toshiba Max Ltd
Monitor,Display Monitor,HP ELITEDISPLAY E190I,E190I,CN4052319N,9/29/2021,4.59,,20,9346,LVCT Health,Stawisha,Purchase,Good,,Toshiba Max Ltd
Monitor,Display Monitor,HP ELITEDISPLAY E190i,800G2 SFF,CN4052319P,9/29/2021,4.59,,20,9346,LVCT Health,Stawisha,Purchase,Good ,,Toshiba Max Ltd
Monitor,Display Monitor,HP ELITEDISPLAY E190I,800G2 SFF,CN4052319R,9/29/2021,4.59, -   ,20,9346,LVCT Health,Stawisha,Purchase,Good,,Toshiba Max Ltd
Monitor,Display Monitor,HP ELITEDISPLAY E190I,800G2 SFF,CN4052319T,9/29/2021,4.59, -   ,20,9346,LVCT Health,Stawisha,Purchase,Good,,Toshiba Max Ltd
Monitor,Display Monitor,HP ELITEDISPLAY E190I,800G2 SFF,CN4052319W,9/29/2021,4.59, -   ,20,9346,LVCT Health,Stawisha,Purchase,Good,,Toshiba Max Ltd
Monitor,Display Monitor,HP ELITEDISPLAY E190i,HP VQ14B,CN4052319X,9/29/2021,4.59, -   ,20,9346,LVCT Health,Stawisha,Purchase,Good,,Toshiba Max Ltd
Monitor,Display Monitor,HP ELITEDISPLAY E190I,N/A,CN4052319Y,9/29/2021,4.59, -   ,20,9346,LVCT Health,Stawisha,Purchase,Good,,Toshiba Max Ltd
Monitor,Display Monitor,HP ELITEDISPLAY E190i,800G2 SFF,CN405231B4,9/29/2021,4.59, -   ,20,9346,LVCT Health,Stawisha,Purchase,Faulty,,Toshiba Max Ltd
Monitor,Display Monitor,HP ELITEDISPLAY E190I,Galaxy A7,CN405231DC,9/29/2021,4.59, -   ,20,9346,LVCT Health,Stawisha,Purchase,Good,,Toshiba Max Ltd
Monitor,Display Monitor,HP ELITEDISPLAY E190I,Galaxy A7,CN405231DG,9/29/2021,4.59, -   ,20,9346,LVCT Health,Stawisha,Purchase,Faulty,,Toshiba Max Ltd
Monitor,Display Monitor,HP ELITEDISPLAY E190I,HPV24iFHD,CN405231DH,9/29/2021,4.59,,20,9346,LVCT Health,Stawisha,Purchase,Good,,Toshiba Max Ltd
Monitor,Display Monitor,HP ELITEDISPLAY E190I,800G2 SFF,CN405231DN,9/29/2021,4.59, -   ,20,9346,LVCT Health,Stawisha,Purchase,Faulty,,Toshiba Max Ltd
Monitor,Display Monitor,HP ELITEDISPLAY E190I,800G2 SFF,CN405231DP,9/29/2021,4.59,,20,9346,LVCT Health,Stawisha,Purchase,Faulty,,Toshiba Max Ltd
Monitor,Display Monitor,HP ELITEDISPLAY E190I,800G2 SFF,CN405231DR,9/29/2021,4.59, -   ,20,9346,LVCT Health,Stawisha,Purchase,Good,,Toshiba Max Ltd
Monitor,Display Monitor,HP ELITEDISPLAY E190I,800G2 SFF,CN405231DX,9/29/2021,4.59, -   ,20,9346,LVCT Health,Stawisha,Purchase,Good,,Toshiba Max Ltd
Monitor,Display Monitor,HP ELITEDISPLAY E190I,800G2 SFF,CN405231DZ,9/29/2021,4.59, -   ,20,9346,LVCT Health,Stawisha,Purchase,Good,,Toshiba Max Ltd
Monitor,Display Monitor,HP ELITEDISPLAY,E 190,CN405231FC,9/29/2021,4.59, -   ,20,9346,LVCT Health,Stawisha,Purchase,Good,,Toshiba Max Ltd
Monitor,Display Monitor,HP ELITEDISPLAY E190I,Galaxy A7,CN405231FL,9/29/2021,4.59, -   ,20,9346,LVCT Health,Stawisha,Purchase,Good,,Toshiba Max Ltd
Monitor,Display Monitor,HP ELITEDISPLAY E190I,E190I,CN405231FR,9/29/2021,4.59, -   ,20,9346,LVCT Health,Stawisha,Purchase,Faulty,,Toshiba Max Ltd
Monitor,Display Monitor,HP ELITEDISPLAY E190I,N/A,CN405231FY,9/29/2021,4.59, -   ,20,9346,LVCT Health,Stawisha,Purchase,Good,,Toshiba Max Ltd
Monitor,Display Monitor,HP ELITEDISPLAY E190I,800G2 SFF,CN405231G3,9/29/2021,4.59, -   ,20,9346,LVCT Health,Stawisha,Purchase,Good,,Toshiba Max Ltd
Monitor,Display Monitor,HP ELITEDISPLAY E190I,800G2 SFF,CN405231G5,9/29/2021,4.59, -   ,20,9346,LVCT Health,Stawisha,Purchase,Good,,Toshiba Max Ltd
Monitor,Display Monitor,HP ELITEDISPLAY E190I,800G2 SFF,CN405231G9,9/29/2021,4.59,,20,9346,LVCT Health,Stawisha,Purchase,Good,,Toshiba Max Ltd
Monitor,Display Monitor,HP ELITEDISPLAY E190I,800G2 SFF,CN405231JT,9/29/2021,4.59, -   ,20,9346,LVCT Health,Stawisha,Purchase,Good,,Toshiba Max Ltd
Monitor,Display Monitor,HP ELITEDISPLAY E190I,800G2 SFF,CN405231K9,9/29/2021,4.59, -   ,20,9346,LVCT Health,Stawisha,Purchase,Good,,Toshiba Max Ltd
Monitor,Display Monitor,HP ELITEDISPLAY E190I,800G2 SFF,CN405231KT,9/29/2021,4.59,,20,9346,LVCT Health,Stawisha,Purchase,Good ,,Toshiba Max Ltd
Monitor,Display Monitor,HP ELITEDISPLAY E190i,E190I,CN405231KV,9/29/2021,4.59, -   ,20,9346,LVCT Health,Stawisha,Purchase,Good,,Toshiba Max Ltd
Monitor,Display Monitor,HP ELITEDISPLAY E190I,E190I,CN405231KY,9/29/2021,4.59, -   ,20,9346,LVCT Health,Stawisha,Purchase,Good,,Toshiba Max Ltd
Monitor,Display Monitor,HP ELITEDISPLAY E190I,Galaxy A7,CN405231VC,9/29/2021,4.59, -   ,20,9346,LVCT Health,Stawisha,Purchase,Good,,Toshiba Max Ltd
Monitor,Display Monitor,HP ELITEDISPLAY E190i,E190I,CN40523318F,9/29/2021,4.59, -   ,20,9346,LVCT Health,Stawisha,Purchase,Good,,Toshiba Max Ltd
Monitor,Display Monitor,HP MONITOR HPE24G4FHD,Galaxy A7,CN411400WV,9/29/2021,4.59, -   ,20,9346,LVCT Health,Stawisha,Purchase,Faulty. Returned to ICT for repairs.,,Toshiba Max Ltd
Monitor,Display Monitor,HP MONITOR,HP,CN42120XV5,7/20/2022,3.78, -   ,20,10490,LVCT Health,Stawisha,Purchase,Good,,ATOZ COMPUTERS 
Monitor,Display Monitor,HP MONITOR,M428mdw,CN42120XWP,7/20/2022,3.78, -   ,20,10490,LVCT Health,Stawisha,Purchase,Good,,ATOZ COMPUTERS 
Monitor,Display Monitor,HP MONITOR,M428mdw,CN4212258Q,7/20/2022,3.78, -   ,20,10490,LVCT Health,Stawisha,Purchase,Good,,ATOZ COMPUTERS 
Scanner,Scanner,HP Scanner,4500fn1,CN5C9A6069,7/1/2021,4.83,,20,N/A,Pathfinder International,Stawisha,Donation,Good,,Pathfinder International
Scanner,Scanner,HP Scanner,UA40J5200DKXKE,CN63413602Q,7/1/2021,4.83,,20,N/A,Pathfinder International,Stawisha,Donation,Faulty,,Pathfinder International
Monitor,Display Monitor,HP MONITOR VQ14B,800G2 SFF,CNC03513KT,9/29/2021,4.59, -   ,20,9346,LVCT Health,Stawisha,Purchase,Good,,Toshiba Max Ltd
Monitor,Display Monitor,Hp monitor V214a,800G2 SFF,CNC7260M78,9/29/2021,4.59,,20,9346,LVCT Health,Stawisha,Purchase,Good ,,Toshiba Max Ltd
Monitor,Display Monitor,HP MONITOR VH22,E190I,CNC8040KRM,9/29/2021,4.59, -   ,20,9346,LVCT Health,Stawisha,Purchase,Good,,Toshiba Max Ltd
Printer,Printer,HP Laserjet Printer,,CNCHC15089,7/1/2021,4.83,,20,N/A,Pathfinder International,Stawisha,Donation,Good,,Pathfinder International
Laptop,Laptop,HP Probook 430 G2,P2055dn,CND5387H30,7/1/2021,4.83,,20,N/A,Pathfinder International,Stawisha,Donation,Faulty,,Pathfinder International
Monitor,Display Monitor,HP MONITOR,HPE243 MODEL,CNK0430MKM,9/29/2021,4.59, -   ,20,9346,LVCT Health,Stawisha,Purchase,Good,,Toshiba Max Ltd
Monitor,Display Monitor,HP MONITOR HPE243,E190I,CNK1042P2W,9/29/2021,4.59, -   ,20,9346,LVCT Health,Stawisha,Purchase,Good,,Toshiba Max Ltd
Monitor,Display Monitor,HP MONITOR HPE24t,Hp M24F FHD,CNK11331QP,9/29/2021,4.59, -   ,20,9346,LVCT Health,Stawisha,Purchase,Good,,Toshiba Max Ltd
fridge ,Office Equipment,Samsung Refrifgerator,N/A,DA6801797F06,7/1/2021,4.83,,20,N/A,Pathfinder International,Stawisha,Donation,Good,,Pathfinder International
Printer,Printer,HP Laserjet Printer,MFP282nw,JPCD500678,7/1/2021,4.83,,20,N/A,Pathfinder International,Stawisha,Donation,Good,,Pathfinder International
Laptop,Laptop,HP PROBook,Enterprise M506,JPH1232J83,7/1/2021,4.83,,20,N/A,Pathfinder International,Stawisha,Donation,Good,,Pathfinder International
Laptop,Laptop,Hp probook 430 G7,430 G3,JPH1232J90,7/1/2021,4.83,,20,N/A,Pathfinder International,Stawisha,Donation,Good ,,Pathfinder International
Cupboard,Office Equipment,2 DRAWER WOODEN SHELF,N/A,NA000001,7/1/2021,4.83,,20,N/A,Pathfinder International,Stawisha,Donation,Good,,Pathfinder International
Desk,Furniture & Fittings,L-Shaped office table,830 G2,NA000002,7/1/2021,4.83, -   ,20,N/A,Pathfinder International,Stawisha,Donation,Good,,Pathfinder International
Desk,Furniture & Fittings,L-Shaped office table,430 G4,NA000003,7/1/2021,4.83, -   ,20,N/A,Pathfinder International,Stawisha,Donation,Good,,Pathfinder International
Office Chair,Furniture & Fittings,High back office chair with mesh and plastic base,N/A,NA000004,7/1/2021,4.83, -   ,20,N/A,Pathfinder International,Stawisha,Donation,Good,,Pathfinder International
Office Chair,Furniture & Fittings,High back office chair with mesh and plastic base,4500 FNI,NA000005,7/1/2021,4.83, -   ,20,N/A,Pathfinder International,Stawisha,Donation,Good,,Pathfinder International
Office Chair,Furniture & Fittings,High back office chair with mesh and plastic base,BV8001-MSX,NA000006,7/1/2021,4.83, -   ,20,N/A,Pathfinder International,Stawisha,Donation,Good,,Pathfinder International
cardboard ,Furniture & Fittings,Wooden Cupboard Shelf with glass slides,N/A,NA000007,7/1/2021,4.83,,20,N/A,Pathfinder International,Stawisha,Donation,Good,,Pathfinder International
desk,Furniture & Fittings,3 Drawers office desk,N/A,NA000008,7/1/2021,4.83, -   ,20,N/A,Pathfinder International,Stawisha,Donation,Good,,Pathfinder International
Desk,Furniture & Fittings,L-Shaped office table,N/A,NA000009,7/1/2021,4.83, -   ,20,N/A,Pathfinder International,Stawisha,Donation,Good,,Pathfinder International
Desk,Furniture & Fittings,L-Shaped office table,N/A,NA000010,7/1/2021,4.83, -   ,20,N/A,Pathfinder International,Stawisha,Donation,Good,,Pathfinder International
desk,Furniture & Fittings,3 Drawers office desk,NA,NA000011,7/1/2021,4.83,,20,N/A,Pathfinder International,Stawisha,Donation,Good,,Pathfinder International
Desk,Furniture & Fittings,3 Drawers office desk,N/A,NA000012,7/1/2021,4.83,,20,N/A,Pathfinder International,Stawisha,Donation,Good,,Pathfinder International
office Chair,Furniture & Fittings,Highback office chair with a mesh on the back and plastic Base,N/A,NA000013,7/1/2021,4.83,,20,N/A,Pathfinder International,Stawisha,Donation,Good,,Pathfinder International
office Chair,Furniture & Fittings,High back office chair with mesh and plastic base,N/A,NA000014,7/1/2021,4.83,,20,N/A,Pathfinder International,Stawisha,Donation,Good,,Pathfinder International
Office Chair,Furniture & Fittings,High back office chair with mesh and plastic base,N/A,NA000015,7/1/2021,4.83,,20,N/A,Pathfinder International,Stawisha,Donation,Good,,Pathfinder International
office Chair,Furniture & Fittings,Medium highback office chair with mesh on the back and chrome base,N/A,NA000016,7/1/2021,4.83,,20,N/A,Pathfinder International,Stawisha,Donation,Good,,Pathfinder International
office Chair,Furniture & Fittings,Midium Highback office chair with a mesh on the back and plastic Base,N/A,NA000017,7/1/2021,4.83,,20,N/A,Pathfinder International,Stawisha,Donation,Good,,Pathfinder International
Office Desk,Furniture & Fittings,3 Drawers office desk,N/A,NA000018,7/1/2021,4.83,,20,N/A,Pathfinder International,Stawisha,Donation,Good,,Pathfinder International
Office Desk,Furniture & Fittings,3 Drawers office desk,N/A,NA000019,7/1/2021,4.83,,20,N/A,Pathfinder International,Stawisha,Donation,Good,,Pathfinder International
Office Desk,Furniture & Fittings,3 Drawers office desk,N/A,NA000020,7/1/2021,4.83,,20,N/A,Pathfinder International,Stawisha,Donation,Good,,Pathfinder International
Office Desk,Furniture & Fittings,3 Drawers office desk,N/A,NA000021,7/1/2021,4.83,,20,N/A,Pathfinder International,Stawisha,Donation,Good,,Pathfinder International
rack,Furniture & Fittings,medium duty rack,N/A,NA000022,7/1/2021,4.83,,20,N/A,Pathfinder International,Stawisha,Donation,Good,,Pathfinder International
rack,Furniture & Fittings,medium duty rack,N/A,NA000023,7/1/2021,4.83,,20,N/A,Pathfinder International,Stawisha,Donation,Good,,Pathfinder International
rack,Furniture & Fittings,medium duty rack,N/A,NA000024,7/1/2021,4.83,,20,N/A,Pathfinder International,Stawisha,Donation,Good,,Pathfinder International
rack,Furniture & Fittings,medium duty rack,840 G4,NA000025,7/1/2021,4.83,,20,N/A,Pathfinder International,Stawisha,Donation,Good,,Pathfinder International
rack,Furniture & Fittings,medium duty rack,9560NGW,NA000026,7/1/2021,4.83,,20,N/A,Pathfinder International,Stawisha,Donation,Good,,Pathfinder International
Office Desk,Furniture & Fittings,3 Drawers office desk,430 G3,NA000027,7/1/2021,4.83,,20,N/A,Pathfinder International,Stawisha,Donation,Good,,Pathfinder International
Binding Machine,Computer and ICT Accessories,Binding Machine A4,N/A,NA000028,7/1/2021,4.83,,20,N/A,Pathfinder International,Stawisha,Donation,Good,,Pathfinder International
Cabinet,Furniture & Fittings,Highglass door Cabinet,320,NA000030,7/1/2021,4.83,,20,N/A,Pathfinder International,Stawisha,Donation,Good,,Pathfinder International
Laminator,Computer and ICT Accessories,Laminating Machine,,NA000031,7/1/2021,4.83,,20,N/A,Pathfinder International,Stawisha,Donation,Good,,Pathfinder International
Office Chair,Furniture & Fittings,Office Chair,4515X ,NA000032,7/1/2021,4.83,,20,N/A,Pathfinder International,Stawisha,Donation,Good,,Pathfinder International
Projector Screen,Projector,Infocus Wall Projector Screen,Scanjet Pro 4500 fn1,NA000033,7/1/2021,4.83,,20,N/A,Pathfinder International,Stawisha,Donation,Good,,Pathfinder International
Cabinet,Computer and ICT Accessories,Network Switch Cabinet,CP 960,NA000034,7/1/2021,4.83,,20,N/A,Pathfinder International,Stawisha,Donation,Good,,Pathfinder International
Cabinet,Computer and ICT Accessories,Server Cabinet,,NA000035,7/1/2021,4.83,,20,N/A,Pathfinder International,Stawisha,Donation,Good,,Pathfinder International
Desk,Furniture & Fittings,Reception Desk,N/A,NA000036,7/1/2021,4.83,,20,N/A,Pathfinder International,Stawisha,Donation,Faulty,,Pathfinder International
Desk,Furniture & Fittings,Four way workstation,N/A,NA000037,7/1/2021,4.83,,20,N/A,Pathfinder International,Stawisha,Donation,Good,,Pathfinder International
Desk,Furniture & Fittings,Two way workstation,N/A,NA000038,7/1/2021,4.83,,20,N/A,Pathfinder International,Stawisha,Donation,Good,,Pathfinder International
Table,Furniture & Fittings,Round Table,430 G4,NA000039,7/1/2021,4.83,,20,N/A,Pathfinder International,Stawisha,Donation,Good,,Pathfinder International
Office Chair,Furniture & Fittings,High back mesh chair,840 G4,NA000040,7/1/2021,4.83, -   ,20,N/A,Pathfinder International,Stawisha,Donation,Good,,Pathfinder International
Office Desk,Furniture & Fittings,Side desk,N/A,NA000309,7/28/2022,3.76,,20,10567,LVCT Health,Stawisha,Purchase,Good,,FAST CHOICE LIMITED
Office Desk,Furniture & Fittings,Side desk,N/A,NA000312,7/28/2022,3.76, -   ,20,10567,LVCT Health,Stawisha,Purchase,Good,,FAST CHOICE LIMITED
Office Desk,Furniture & Fittings,Side desk,N/A,NA000314,7/28/2022,3.76,,20,10567,LVCT Health,Stawisha,Purchase,Good,,FAST CHOICE LIMITED
Cabinet,Furniture & Fittings,two door glass wooden cabinet,430 G2,NA000620,7/1/2021,4.83,,20,N/A,Pathfinder International,Stawisha,Donation,Good,,Pathfinder International
Chair,Furniture & Fittings,3 seater visitors chair,840 G4,NA000621,7/1/2021,4.83,,20,N/A,Pathfinder International,Stawisha,Donation,Good,,Pathfinder International
Laptop,Laptop,HP ProBook,430 G4,NA000622,7/1/2021,4.83,,20,N/A,Pathfinder International,Stawisha,Donation,Faulty,,Pathfinder International
desk,Furniture & Fittings,Desk,NA,NA000650,11/17/2023,2.45,,20,PO-23-03645,LVCT Health,Stawisha,Purchase,Good,,GEE DESIGNS LIMITED
desk,Furniture & Fittings,desk,S4-Q12JA3QB,NA000651,11/17/2023,2.45,,20,PO-23-03645,LVCT Health,Stawisha,PURCHASE,Good,,GEE DESIGNS LIMITED
desk,Furniture & Fittings,Desk,CPH2531,NA000652,11/17/2023,2.45,,20,PO-23-03645,LVCT Health,Stawisha,Purchase,Good,,GEE DESIGNS LIMITED
Desk,Furniture & Fittings,reception desk,NA,NA000655,1/17/2024,2.28,,20,PO-24-00104,LVCT Health,Stawisha,Purchase,Good,,VILE AND BLIND
Office Chair,Furniture & Fittings,Office Chair,P4515n,PI-0218-09,7/1/2021,4.83,,20,N/A,Pathfinder International,Stawisha,Donation,Good,,Pathfinder International
Air Conditioner,Office Equipment,LG Air Conditioner,BV650,S4Q12JA3QB-007766,7/1/2021,4.83,,20,N/A,Pathfinder International,Stawisha,Donation,Good,,Pathfinder International
Air Conditioner,Office Equipment,LG Air Conditioner,BV6501-MSX,S4Q12JA3QB008877,7/1/2021,4.83,,20,N/A,Pathfinder International,Stawisha,Donation,Good,,Pathfinder International
Monitor,Display Monitor,Lenovo Monitor D 19-10,D 19-10,U51100A09,9/20/2023,2.61, -   ,20,PO-23-02843,LVCT Health,Stawisha,Purchase,Faulty,,BRIGHT TECHNOLOGIES LIMITED
Printer,Printer,HP Laserjet Printer,MFP282nw,UNBRP5F6KJ,7/1/2021,4.83,,20,N/A,Pathfinder International,Stawisha,Donation,Good,,Pathfinder International
Monitor,Display Monitor,Lenovo S22e-20 Flat Panel Monitor,440 G10,V5KRN720,3/25/2024,2.1, -   ,20,PO-24-01032,LVCT Health,Stawisha,Purchase,Good,,BRIGHT TECHNOLOGIES 
Monitor,Display Monitor,Lenovo Monitor D 19-10,Neo 50t,V9-052RVX,9/20/2023,2.61, -   ,20,PO-23-02843,LVCT Health,Stawisha,Purchase,Good ,,BRIGHT TECHNOLOGIES LIMITED
Monitor,Display Monitor,Lenovo Monitor D 19-10,D 19-10,V9-052RW2,9/20/2023,2.61, -   ,20,PO-23-02843,LVCT Health,Stawisha,Purchase,Good,,BRIGHT TECHNOLOGIES LIMITED
Monitor,Display Monitor,Lenovo Monitor D 19-10,D 19-10,V9-05P0HP,9/20/2023,2.61, -   ,20,PO-23-02843,LVCT Health,Stawisha,Purchase,Good ,,BRIGHT TECHNOLOGIES LIMITED
Monitor,Display Monitor,Lenovo Monitor D 19-10,D 19-10,V9-05P19H,9/20/2023,2.61, -   ,20,PO-23-02843,LVCT Health,Stawisha,Purchase,Faulty,,BRIGHT TECHNOLOGIES LIMITED
Monitor,Display Monitor,LENOVO MONITOR V90,N/A,V905P19R,7/1/2021,4.83,,20,N/A,Pathfinder International,Stawisha,Donation,Good,,Pathfinder International
Monitor,Display Monitor,Lenovo Monitor D 19-10,D 19-10,V9-087GNR,9/20/2023,2.61, -   ,20,PO-23-02843,LVCT Health,Stawisha,Purchase,Good,,BRIGHT TECHNOLOGIES LIMITED
Monitor,Display Monitor,Lenovo Monitor D 19-10,D 19-10,V9-09Z09Z,9/20/2023,2.61, -   ,20,PO-23-02843,LVCT Health,Stawisha,Purchase,Good ,,BRIGHT TECHNOLOGIES LIMITED
Monitor,Display Monitor,Lenovo Monitor D 19-10,D 19-10,V9-09Z0Y5,9/20/2023,2.61, -   ,20,PO-23-02843,LVCT Health,Stawisha,Purchase,Good,,BRIGHT TECHNOLOGIES LIMITED
Monitor,Display Monitor,Lenovo Monitor D 19-10,Neo 50t,V9-09Z0Y6,9/20/2023,2.61, -   ,20,PO-23-02843,LVCT Health,Stawisha,Purchase,Good,,BRIGHT TECHNOLOGIES LIMITED
Monitor,Display Monitor,Lenovo Monitor D 19-10,D 19-10,V9-09Z0Y7,9/20/2023,2.61, -   ,20,PO-23-02843,LVCT Health,Stawisha,Purchase,Good,,BRIGHT TECHNOLOGIES LIMITED
Monitor,Display Monitor,Lenovo Monitor D 19-10,Neo 50t,V9-09Z0Y8,9/20/2023,2.61, -   ,20,PO-23-02843,LVCT Health,Stawisha,Purchase,Good,,BRIGHT TECHNOLOGIES LIMITED
Monitor,Display Monitor,Lenovo Monitor D 19-10,Neo 50T,V9-09Z0Y9,9/20/2023,2.61, -   ,20,PO-23-02843,LVCT Health,Stawisha,Purchase,Good,,BRIGHT TECHNOLOGIES LIMITED
Monitor,Display Monitor,Lenovo Monitor D 19-10,D 19-10,V9-09Z0YA,9/20/2023,2.61, -   ,20,PO-23-02843,LVCT Health,Stawisha,Purchase,Good,,BRIGHT TECHNOLOGIES LIMITED
Monitor,Display Monitor,Lenovo Monitor D 19-10,D 19-10,V9-09Z0YB,9/20/2023,2.61, -   ,20,PO-23-02843,LVCT Health,Stawisha,Purchase,Good,,BRIGHT TECHNOLOGIES LIMITED
Monitor,Display Monitor,Lenovo Monitor D 19-10,D 19-10,V9-09Z0YC,9/20/2023,2.61, -   ,20,PO-23-02843,LVCT Health,Stawisha,Purchase,Good,,BRIGHT TECHNOLOGIES LIMITED
Monitor,Display Monitor,Lenovo Monitor D 19-10,D 19-10,V9-09Z0YD,9/20/2023,2.61, -   ,20,PO-23-02843,LVCT Health,Stawisha,Purchase,Good,,BRIGHT TECHNOLOGIES LIMITED
Monitor,Display Monitor,Lenovo Monitor D 19-10,D 19-10,V9-09Z0YE,9/20/2023,2.61, -   ,20,PO-23-02843,LVCT Health,Stawisha,Purchase,Good,,BRIGHT TECHNOLOGIES LIMITED
Monitor,Display Monitor,Lenovo Monitor D 19-10,Neo 50t,V9-09Z0YF,9/20/2023,2.61, -   ,20,PO-23-02843,LVCT Health,Stawisha,Purchase,Good,,BRIGHT TECHNOLOGIES LIMITED
Monitor,Display Monitor,Lenovo Monitor D 19-10,Neo 50t,V9-09Z0YG,9/20/2023,2.61, -   ,20,PO-23-02843,LVCT Health,Stawisha,Purchase,Good,,BRIGHT TECHNOLOGIES LIMITED
Monitor,Display Monitor,Lenovo Monitor D 19-10,Neo 50t,V9-09Z0YH,9/20/2023,2.61, -   ,20,PO-23-02843,LVCT Health,Stawisha,Purchase,Good,,BRIGHT TECHNOLOGIES LIMITED
Monitor,Display Monitor,Lenovo Monitor D 19-10,Neo 50t,V9-09Z0YK,9/20/2023,2.61, -   ,20,PO-23-02843,LVCT Health,Stawisha,Purchase,Good,,BRIGHT TECHNOLOGIES LIMITED
Monitor,Display Monitor,Lenovo Monitor D 19-10,Neo 50t,V9-09Z0YL,9/20/2023,2.61, -   ,20,PO-23-02843,LVCT Health,Stawisha,Purchase,Good,,BRIGHT TECHNOLOGIES LIMITED
Monitor,Display Monitor,Lenovo Monitor D 19-10,Neo 50t,V9-09Z0YM,9/20/2023,2.61, -   ,20,PO-23-02843,LVCT Health,Stawisha,Purchase,Good,,BRIGHT TECHNOLOGIES LIMITED
Monitor,Display Monitor,Lenovo Monitor D 19-10,D 19-10,V9-09Z0YN,9/20/2023,2.61, -   ,20,PO-23-02843,LVCT Health,Stawisha,Purchase,Good,,BRIGHT TECHNOLOGIES LIMITED
Monitor,Display Monitor,Lenovo Monitor D 19-10,Neo 50t,V9-09Z0YP,9/20/2023,2.61, -   ,20,PO-23-02843,LVCT Health,Stawisha,Purchase,Good,,BRIGHT TECHNOLOGIES LIMITED
Monitor,Display Monitor,Lenovo Monitor D 19-10,Neo 50t,V9-09Z0YR,9/20/2023,2.61, -   ,20,PO-23-02843,LVCT Health,Stawisha,Purchase,Good,,BRIGHT TECHNOLOGIES LIMITED
Monitor,Display Monitor,Lenovo Monitor D 19-10,Neo 50t,V9-09Z0YT,9/20/2023,2.61, -   ,20,PO-23-02843,LVCT Health,Stawisha,Purchase,Good,,BRIGHT TECHNOLOGIES LIMITED
Monitor,Display Monitor,Lenovo Monitor D 19-10,Neo 50t,V9-09Z0YV,9/20/2023,2.61, -   ,20,PO-23-02843,LVCT Health,Stawisha,Purchase,Good,,BRIGHT TECHNOLOGIES LIMITED
Monitor,Display Monitor,Lenovo Monitor D 19-10,D 19-10,V9-09Z0YX,9/20/2023,2.61, -   ,20,PO-23-02843,LVCT Health,Stawisha,Purchase,Good,,BRIGHT TECHNOLOGIES LIMITED
Monitor,Display Monitor,Lenovo Monitor D 19-10,Neo 50t,V9-09Z0Z2,9/20/2023,2.61, -   ,20,PO-23-02843,LVCT Health,Stawisha,Purchase,Good,,BRIGHT TECHNOLOGIES LIMITED
Monitor,Display Monitor,Lenovo Monitor D 19-10,Neo 50t,V9-09Z0Z5,9/20/2023,2.61, -   ,20,PO-23-02843,LVCT Health,Stawisha,Purchase,Good,,BRIGHT TECHNOLOGIES LIMITED
Monitor,Display Monitor,Lenovo Monitor D 19-10,D 19-10,V9-09Z0Z7,9/20/2023,2.61, -   ,20,PO-23-02843,LVCT Health,Stawisha,Purchase,Good,,BRIGHT TECHNOLOGIES LIMITED
Monitor,Display Monitor,Lenovo Monitor D 19-10,Neo 50t,V9-09Z0Z9,9/20/2023,2.61, -   ,20,PO-23-02843,LVCT Health,Stawisha,Purchase,Good,,BRIGHT TECHNOLOGIES LIMITED
Monitor,Display Monitor,Lenovo Monitor D 19-10,Neo 50t,V9-09Z0ZB,9/20/2023,2.61, -   ,20,PO-23-02843,LVCT Health,Stawisha,Purchase,Good,,BRIGHT TECHNOLOGIES LIMITED
Monitor,Display Monitor,Lenovo Monitor D 19-10,Neo 50t,V9-09Z0ZC,9/20/2023,2.61, -   ,20,PO-23-02843,LVCT Health,Stawisha,Purchase,Good,,BRIGHT TECHNOLOGIES LIMITED
Monitor,Display Monitor,Lenovo Monitor D 19-10,Neo 50t,V9-09Z0ZL,9/20/2023,2.61, -   ,20,PO-23-02843,LVCT Health,Stawisha,Purchase,Good,,BRIGHT TECHNOLOGIES LIMITED
Monitor,Display Monitor,Lenovo Monitor D 19-10,D 19-10,V9-09Z0ZR,9/20/2023,2.61, -   ,20,PO-23-02843,LVCT Health,Stawisha,Purchase,Good,,BRIGHT TECHNOLOGIES LIMITED
Monitor,Display Monitor,Lenovo Monitor D 19-10,D 19-10,V9-09Z0ZT,9/20/2023,2.61, -   ,20,PO-23-02843,LVCT Health,Stawisha,Purchase,Good,,BRIGHT TECHNOLOGIES LIMITED
Monitor,Display Monitor,Lenovo Monitor D 19-10,Neo 50t,V9-09Z0ZV,9/20/2023,2.61, -   ,20,PO-23-02843,LVCT Health,Stawisha,Purchase,Good,,BRIGHT TECHNOLOGIES LIMITED
Monitor,Display Monitor,Lenovo Monitor D 19-10,Elite 650 Pro,V9-09Z0ZW,9/20/2023,2.61, -   ,20,PO-23-02843,LVCT Health,Stawisha,Purchase,Good,,BRIGHT TECHNOLOGIES LIMITED
Monitor,Display Monitor,Lenovo Monitor D 19-10,Neo 50t,V9-09Z0ZY,9/20/2023,2.61, -   ,20,PO-23-02843,LVCT Health,Stawisha,Purchase,Good,,BRIGHT TECHNOLOGIES LIMITED
Monitor,Display Monitor,Lenovo Monitor D 19-10,D 19-10,V9-09Z100,9/20/2023,2.61, -   ,20,PO-23-02843,LVCT Health,Stawisha,Purchase,Good,,BRIGHT TECHNOLOGIES LIMITED
Monitor,Display Monitor,Lenovo Monitor D 19-10,Neo 50t,V9-09Z105,9/20/2023,2.61, -   ,20,PO-23-02843,LVCT Health,Stawisha,Purchase,Good,,BRIGHT TECHNOLOGIES LIMITED
Monitor,Display Monitor,Lenovo Monitor D 19-10,Neo 50t,V9-09Z109,9/20/2023,2.61, -   ,20,PO-23-02843,LVCT Health,Stawisha,Purchase,Good,,BRIGHT TECHNOLOGIES LIMITED
Monitor,Display Monitor,Lenovo Monitor D 19-10,Neo 50t,V9-09Z10F,9/20/2023,2.61, -   ,20,PO-23-02843,LVCT Health,Stawisha,Purchase,Good,,BRIGHT TECHNOLOGIES LIMITED
Monitor,Display Monitor,Lenovo Monitor D 19-10,Neo 50t,V9-09Z10G,9/20/2023,2.61, -   ,20,PO-23-02843,LVCT Health,Stawisha,Purchase,Good ,,BRIGHT TECHNOLOGIES LIMITED
Monitor,Display Monitor,Lenovo Monitor D 19-10,D 19-10,V9-09Z10L,9/20/2023,2.61, -   ,20,PO-23-02843,LVCT Health,Stawisha,Purchase,Good,,BRIGHT TECHNOLOGIES LIMITED
Monitor,Display Monitor,Lenovo Monitor D 19-10,D 19-10,V9-09Z10R,9/20/2023,2.61, -   ,20,PO-23-02843,LVCT Health,Stawisha,Purchase,Good,,BRIGHT TECHNOLOGIES LIMITED
Monitor,Display Monitor,Lenovo Monitor D 19-10,Neo 50t,V9-09Z10V,9/20/2023,2.61, -   ,20,PO-23-02843,LVCT Health,Stawisha,Purchase,Good,,BRIGHT TECHNOLOGIES LIMITED
Monitor,Display Monitor,Lenovo Monitor D 19-10,Neo 50t,V9-09Z10W,9/20/2023,2.61, -   ,20,PO-23-02843,LVCT Health,Stawisha,Purchase,Good,,BRIGHT TECHNOLOGIES LIMITED
Monitor,Display Monitor,Lenovo Monitor D 19-10,D 19-10,V9-09Z10X,9/20/2023,2.61, -   ,20,PO-23-02843,LVCT Health,Stawisha,Purchase,Good,,BRIGHT TECHNOLOGIES LIMITED
Monitor,Display Monitor,Lenovo Monitor D 19-10,Neo 50t,V9-09Z10Z,9/20/2023,2.61, -   ,20,PO-23-02843,LVCT Health,Stawisha,Purchase,Good,,BRIGHT TECHNOLOGIES LIMITED
Monitor,Display Monitor,Lenovo Monitor D 19-10,D 19-10,V9-09Z110,9/20/2023,2.61, -   ,20,PO-23-02843,LVCT Health,Stawisha,Purchase,Good,,BRIGHT TECHNOLOGIES LIMITED
Monitor,Display Monitor,Lenovo Monitor D 19-10,Neo 50t,V9-0A6981,9/20/2023,2.61, -   ,20,PO-23-02843,LVCT Health,Stawisha,Purchase,Good,,BRIGHT TECHNOLOGIES LIMITED
Monitor,Display Monitor,Lenovo Monitor D 19-10,D 19-10,V9-0A6985,9/20/2023,2.61, -   ,20,PO-23-02843,LVCT Health,Stawisha,Purchase,Good,,BRIGHT TECHNOLOGIES LIMITED
Monitor,Display Monitor,Lenovo Monitor D 19-10,D 19-10,V9-0A6988,9/20/2023,2.61, -   ,20,PO-23-02843,LVCT Health,Stawisha,Purchase,Good,,BRIGHT TECHNOLOGIES LIMITED
Monitor,Display Monitor,Lenovo Monitor D 19-10,Neo 50t,V9-0A6989,9/20/2023,2.61, -   ,20,PO-23-02843,LVCT Health,Stawisha,Purchase,Good,,BRIGHT TECHNOLOGIES LIMITED
Monitor,Display Monitor,Lenovo Monitor D 19-10,Neo 50t,V9-0A698A,9/20/2023,2.61, -   ,20,PO-23-02843,LVCT Health,Stawisha,Purchase,Good ,,BRIGHT TECHNOLOGIES LIMITED
Monitor,Display Monitor,Lenovo Monitor D 19-10,D 19-10,V9-0A698B,9/20/2023,2.61, -   ,20,PO-23-02843,LVCT Health,Stawisha,Purchase,Good,,BRIGHT TECHNOLOGIES LIMITED
Monitor,Display Monitor,Lenovo Monitor D 19-10,Neo 50t,V9-0A698D,9/20/2023,2.61, -   ,20,PO-23-02843,LVCT Health,Stawisha,Purchase,Faulty,,BRIGHT TECHNOLOGIES LIMITED
Monitor,Display Monitor,Lenovo Monitor D 19-10,Neo 50t,V9-0A698E,9/20/2023,2.61, -   ,20,PO-23-02843,LVCT Health,Stawisha,Purchase,Good,,BRIGHT TECHNOLOGIES LIMITED
Monitor,Display Monitor,Lenovo Monitor D 19-10,D 19-10,V9-0A698G,9/20/2023,2.61, -   ,20,PO-23-02843,LVCT Health,Stawisha,Purchase,Good,,BRIGHT TECHNOLOGIES LIMITED
Monitor,Display Monitor,Lenovo Monitor D 19-10,D 19-10,V9-0A698L,9/20/2023,2.61, -   ,20,PO-23-02843,LVCT Health,Stawisha,Purchase,Good,,BRIGHT TECHNOLOGIES LIMITED
Monitor,Display Monitor,Lenovo Monitor D 19-10,D 19-10,V90A698T,9/20/2023,2.61, -   ,20,PO-23-02843,LVCT Health,Stawisha,PURCHASE,Good ,,TECHNOLOGIES
Monitor,Display Monitor,Lenovo Monitor D 19-10,Neo 50t,V9-0ARMHL,9/20/2023,2.61, -   ,20,PO-23-02843,LVCT Health,Stawisha,Purchase,Good,,BRIGHT TECHNOLOGIES LIMITED
Monitor,Display Monitor,Lenovo Monitor D 19-10,Neo 50t,V9-0ARMLP,9/20/2023,2.61, -   ,20,PO-23-02843,LVCT Health,Stawisha,Purchase,Good ,,BRIGHT TECHNOLOGIES LIMITED
Monitor,Display Monitor,Lenovo Monitor D 19-10,D 19-10,V9-0ARMM1,9/20/2023,2.61, -   ,20,PO-23-02843,LVCT Health,Stawisha,Purchase,Good,,BRIGHT TECHNOLOGIES LIMITED
Monitor,Display Monitor,Hp monitor D19185AD0,D 19-10,V9-0ARNBA,9/20/2023,2.61, -   ,20,PO-23-02843,LVCT Health,Stawisha,Purchase,Good ,,BRIGHT TECHNOLOGIES LIMITED
Monitor,Display Monitor,Lenovo Monitor D 19-10,D 19-10,V9-0ARRV2,9/20/2023,2.61, -   ,20,PO-23-02843,LVCT Health,Stawisha,Purchase,Good,,BRIGHT TECHNOLOGIES LIMITED
Monitor,Display Monitor,Lenovo Monitor D 19-10,D 19-10,V90ARRV4,9/20/2023,2.61, -   ,20,PO-23-02843,LVCT Health,Stawisha,Purchase,Good,,BRIGHT TECHNOLOGIES LIMITED
Monitor,Display Monitor,Lenovo Monitor D 19-10,D 19-10,V9-0ARRVR,9/20/2023,2.61, -   ,20,PO-23-02843,LVCT Health,Stawisha,Purchase,Good ,,BRIGHT TECHNOLOGIES LIMITED
Monitor,Display Monitor,Lenovo Monitor D 19-10,Neo 50t,V9-0ARRWB,9/20/2023,2.61, -   ,20,PO-23-02843,LVCT Health,Stawisha,Purchase,Good,,BRIGHT TECHNOLOGIES LIMITED
Monitor,Display Monitor,Lenovo Monitor D 19-10,D 19-10,V9-0ARRWR,9/20/2023,2.61, -   ,20,PO-23-02843,LVCT Health,Stawisha,Purchase,Good,,BRIGHT TECHNOLOGIES LIMITED
Monitor,Display Monitor,Lenovo Monitor D 19-10,D 19-10,V9-0ARRX8,9/20/2023,2.61, -   ,20,PO-23-02843,LVCT Health,Stawisha,Purchase,Good,,BRIGHT TECHNOLOGIES LIMITED
Monitor,Display Monitor,Lenovo Monitor D 19-10,D 19-10,V9-0ARRX9,9/20/2023,2.61, -   ,20,PO-23-02843,LVCT Health,Stawisha,Purchase,Good,,BRIGHT TECHNOLOGIES LIMITED
Monitor,Display Monitor,Lenovo Monitor D 19-10,D 19-10,V9-0ARRY3,9/20/2023,2.61, -   ,20,PO-23-02843,LVCT Health,Stawisha,Purchase,Good,,BRIGHT TECHNOLOGIES LIMITED
Monitor,Display Monitor,Lenovo Monitor D 19-10,D 19-10,V90B7F,9/20/2023,2.61, -   ,20,PO-23-02843,LVCT Health,Stawisha,Purchase,Good ,,BRIGHT TECHNOLOGIES LIMITED
Monitor,Display Monitor,Lenovo Monitor D 19-10,D 19-10,V9-0B7F0C,9/20/2023,2.61, -   ,20,PO-23-02843,LVCT Health,Stawisha,Purchase,Good,,BRIGHT TECHNOLOGIES LIMITED
Monitor,Display Monitor,Lenovo Monitor D 19-10,D 19-10,V9-0B7F0D,9/20/2023,2.61, -   ,20,PO-23-02843,LVCT Health,Stawisha,Purchase,Good,,BRIGHT TECHNOLOGIES LIMITED
Monitor,Display Monitor,Lenovo Monitor D 19-10,Neo 50t,V9-0B7F0F,9/20/2023,2.61, -   ,20,PO-23-02843,LVCT Health,Stawisha,Purchase,Good,,BRIGHT TECHNOLOGIES LIMITED
Monitor,Display Monitor,Lenovo Monitor D 19-10,Neo 50t,V9-0B7F0H,9/20/2023,2.61, -   ,20,PO-23-02843,LVCT Health,Stawisha,Purchase,Good,,BRIGHT TECHNOLOGIES LIMITED
Monitor,Display Monitor,Lenovo Monitor D 19-10,Neo 50t,V9-0B7F0M,9/20/2023,2.61, -   ,20,PO-23-02843,LVCT Health,Stawisha,Purchase,Good ,,BRIGHT TECHNOLOGIES LIMITED
Monitor,Display Monitor,Lenovo Monitor,D 19-10,V9-0B7F14,9/20/2023,2.61, -   ,20,PO-23-02843,LVCT Health,Stawisha,Purchase,Faulty,,BRIGHT TECHNOLOGIES LIMITED
Monitor,Display Monitor,Lenovo Monitor D 19-10,D 19-10,V9-0B7F18,9/20/2023,2.61, -   ,20,PO-23-02843,LVCT Health,Stawisha,Purchase,Good,,BRIGHT TECHNOLOGIES LIMITED
Monitor,Display Monitor,Lenovo Monitor D 19-10,D 19-10,V9-0B7F19,9/20/2023,2.61, -   ,20,PO-23-02843,LVCT Health,Stawisha,Purchase,Good,,BRIGHT TECHNOLOGIES LIMITED
Monitor,Display Monitor,Lenovo Monitor D 19-10,D 19-10,V9-0B7F1A,9/20/2023,2.61, -   ,20,PO-23-02843,LVCT Health,Stawisha,Purchase,Good,,BRIGHT TECHNOLOGIES LIMITED
Monitor,Display Monitor,Lenovo Monitor D 19-10,Neo 50t,V9-0B7F1B,9/20/2023,2.61, -   ,20,PO-23-02843,LVCT Health,Stawisha,Purchase,Good,,BRIGHT TECHNOLOGIES LIMITED
Monitor,Display Monitor,Lenovo Monitor,Neo 50t,V9-0B7F1C,9/20/2023,2.61, -   ,20,PO-23-02843,LVCT Health,Stawisha,Purchase,Good,,BRIGHT TECHNOLOGIES LIMITED
Monitor,Display Monitor,Lenovo Monitor D 19-10,D 19-10,V9-0B7F1D,9/20/2023,2.61, -   ,20,PO-23-02843,LVCT Health,Stawisha,Purchase,Good,,BRIGHT TECHNOLOGIES LIMITED
Monitor,Display Monitor,Lenovo Monitor D 19-10,Neo 50t,V9-0B7F1E,9/20/2023,2.61, -   ,20,PO-23-02843,LVCT Health,Stawisha,Purchase,Good,,BRIGHT TECHNOLOGIES LIMITED
Monitor,Display Monitor,Lenovo Monitor D 19-10,D 19-10,V9-0B7F1F,9/20/2023,2.61, -   ,20,PO-23-02843,LVCT Health,Stawisha,Purchase,Good,,BRIGHT TECHNOLOGIES LIMITED
Monitor,Display Monitor,Lenovo Monitor D 19-10,Neo 50t,V9-0B7F1G,9/20/2023,2.61, -   ,20,PO-23-02843,LVCT Health,Stawisha,Purchase,Good,,BRIGHT TECHNOLOGIES LIMITED
Monitor,Display Monitor,Lenovo Monitor D 19-10,D 19-10,V9-0B7F1H,9/20/2023,2.61, -   ,20,PO-23-02843,LVCT Health,Stawisha,Purchase,Good,,BRIGHT TECHNOLOGIES LIMITED
Monitor,Display Monitor,Lenovo Monitor D 19-10,D 19-10,V9-0B7F1K,9/20/2023,2.61, -   ,20,PO-23-02843,LVCT Health,Stawisha,Purchase,Good,,BRIGHT TECHNOLOGIES LIMITED
Monitor,Display Monitor,Lenovo Monitor D 19-10,D 19-10,V9-0B7F1M,9/20/2023,2.61, -   ,20,PO-23-02843,LVCT Health,Stawisha,Purchase,Good,,BRIGHT TECHNOLOGIES LIMITED
Monitor,Display Monitor,Lenovo Monitor D 19-10,D 19-10,V9-0B7F1R,9/20/2023,2.61, -   ,20,PO-23-02843,LVCT Health,Stawisha,Purchase,Good,,BRIGHT TECHNOLOGIES LIMITED
Monitor,Display Monitor,Lenovo Monitor D 19-10,Neo 50t,V9-0B7F1T,9/20/2023,2.61, -   ,20,PO-23-02843,LVCT Health,Stawisha,Purchase,Faulty,,BRIGHT TECHNOLOGIES LIMITED
Monitor,Display Monitor,Lenovo Monitor D 19-10,D 19-10,V9-0B7F1V,9/20/2023,2.61, -   ,20,PO-23-02843,LVCT Health,Stawisha,Purchase,Good,,BRIGHT TECHNOLOGIES LIMITED
Monitor,Display Monitor,Lenovo Monitor D 19-10,D 19-10,V9-0B7FOL,9/20/2023,2.61, -   ,20,PO-23-02843,LVCT Health,Stawisha,Purchase,Good,,BRIGHT TECHNOLOGIES LIMITED
Monitor,Display Monitor,Lenovo Monitor D 19-10,D 19-10,V9-0B7FON,9/20/2023,2.61, -   ,20,PO-23-02843,LVCT Health,Stawisha,Purchase,Good,,BRIGHT TECHNOLOGIES LIMITED
Monitor,Display Monitor,Lenovo Monitor D 19-10,Neo 50t,V90B7G69,9/20/2023,2.61, -   ,20,PO-23-02843,LVCT Health,Stawisha,Purchase,Good,,BRIGHT TECHNOLOGIES LIMITED
Monitor,Display Monitor,Lenovo Monitor D 19-10,Neo 50t,V9-0B7G74,9/20/2023,2.61, -   ,20,PO-23-02843,LVCT Health,Stawisha,Purchase,Good,,BRIGHT TECHNOLOGIES LIMITED
Monitor,Display Monitor,Lenovo Monitor D 19-10,D 19-10,V9-0B7G75,9/20/2023,2.61, -   ,20,PO-23-02843,LVCT Health,Stawisha,Purchase,Good,,BRIGHT TECHNOLOGIES LIMITED
Monitor,Display Monitor,Lenovo Monitor D 19-10,D 19-10,V9-0B7GB4,9/20/2023,2.61, -   ,20,PO-23-02843,LVCT Health,Stawisha,Purchase,Good,,BRIGHT TECHNOLOGIES LIMITED
Monitor,Display Monitor,Lenovo Monitor D 19-10,Neo 50t,V9-0B7GN7,9/20/2023,2.61, -   ,20,PO-23-02843,LVCT Health,Stawisha,Purchase,Good,,BRIGHT TECHNOLOGIES LIMITED
Monitor,Display Monitor,Lenovo Monitor D 19-10,D 19-10,V9-0BAE43,9/20/2023,2.61, -   ,20,PO-23-02843,LVCT Health,Stawisha,Purchase,Good,,BRIGHT TECHNOLOGIES LIMITED
Monitor,Display Monitor,Lenovo Monitor D 19-10,D 19-10,V9-0BAE45,9/20/2023,2.61, -   ,20,PO-23-02843,LVCT Health,Stawisha,Purchase,Good,,BRIGHT TECHNOLOGIES LIMITED
Monitor,Display Monitor,Lenovo Monitor D 19-10,D 19-10,V9-0BAE46,9/20/2023,2.61, -   ,20,PO-23-02843,LVCT Health,Stawisha,Purchase,Good,,BRIGHT TECHNOLOGIES LIMITED
Monitor,Display Monitor,Lenovo Monitor D 19-10,Neo 50t,V9-0BAE47,9/20/2023,2.61, -   ,20,PO-23-02843,LVCT Health,Stawisha,Purchase,Good,,BRIGHT TECHNOLOGIES LIMITED
Monitor,Display Monitor,Lenovo Monitor D 19-10,Neo 50t,V9-0BAE48,9/20/2023,2.61, -   ,20,PO-23-02843,LVCT Health,Stawisha,Purchase,Good,,BRIGHT TECHNOLOGIES LIMITED
Monitor,Display Monitor,Lenovo Monitor D 19-10,Neo 50t,V9-0BAE4A,9/20/2023,2.61, -   ,20,PO-23-02843,LVCT Health,Stawisha,Purchase,Good,,BRIGHT TECHNOLOGIES LIMITED
Monitor,Display Monitor,Lenovo Monitor D 19-10,Neo 50t,V9-0BAE4B,9/20/2023,2.61, -   ,20,PO-23-02843,LVCT Health,Stawisha,Purchase,Good,,BRIGHT TECHNOLOGIES LIMITED
Monitor,Display Monitor,Lenovo Monitor D 19-10,D 19-10,V9-0BAE4F,9/20/2023,2.61, -   ,20,PO-23-02843,LVCT Health,Stawisha,Purchase,Good,,BRIGHT TECHNOLOGIES LIMITED
Monitor,Display Monitor,Lenovo Monitor D 19-10,D 19-10,V9-0BAE4G,9/20/2023,2.61, -   ,20,PO-23-02843,LVCT Health,Stawisha,Purchase,Good,,BRIGHT TECHNOLOGIES LIMITED
Monitor,Display Monitor,Lenovo Monitor D 19-10,D 19-10,V9-0BAE4H,9/20/2023,2.61, -   ,20,PO-23-02843,LVCT Health,Stawisha,Purchase,Good,,BRIGHT TECHNOLOGIES LIMITED
Monitor,Display Monitor,Lenovo Monitor D 19-10,Neo 50t,V9-0BAE4K,9/20/2023,2.61, -   ,20,PO-23-02843,LVCT Health,Stawisha,Purchase,Good,,BRIGHT TECHNOLOGIES LIMITED
Monitor,Display Monitor,Lenovo Monitor D 19-10,Neo 50t,V9-0BAE4L,9/20/2023,2.61, -   ,20,PO-23-02843,LVCT Health,Stawisha,Purchase,Good,,BRIGHT TECHNOLOGIES LIMITED
Monitor,Display Monitor,Lenovo Monitor D 19-10,D 19-10,V9-0BAE4P,9/20/2023,2.61, -   ,20,PO-23-02843,LVCT Health,Stawisha,Purchase,Good,,BRIGHT TECHNOLOGIES LIMITED
Monitor,Display Monitor,Lenovo Monitor D 19-10,D 19-10,V9-0BAE4R,9/20/2023,2.61, -   ,20,PO-23-02843,LVCT Health,Stawisha,Purchase,Good,,BRIGHT TECHNOLOGIES LIMITED
Monitor,Display Monitor,Lenovo Monitor D 19-10,D 19-10,V9-0BAE4T,9/20/2023,2.61, -   ,20,PO-23-02843,LVCT Health,Stawisha,Purchase,Good,,BRIGHT TECHNOLOGIES LIMITED
Monitor,Display Monitor,Lenovo Monitor D 19-10,Neo 50t,V9-0BAE51,9/20/2023,2.61, -   ,20,PO-23-02843,LVCT Health,Stawisha,Purchase,Good ,,BRIGHT TECHNOLOGIES LIMITED
Monitor,Display Monitor,Lenovo Monitor D 19-10,D 19-10,V9-522VH,9/20/2023,2.61, -   ,20,PO-23-02843,LVCT Health,Stawisha,Purchase,Good,,BRIGHT TECHNOLOGIES LIMITED
Monitor,Display Monitor,Lenovo Monitor D 19-10,D 19-10,V9-DARMHX,9/20/2023,2.61, -   ,20,PO-23-02843,LVCT Health,Stawisha,Purchase,Good,,BRIGHT TECHNOLOGIES LIMITED
Monitor,Display Monitor,LENOVO MONITOR,Neo 50t,VN-05P0K6,9/20/2023,2.61, -   ,20,PO-23-02843,LVCT Health,Stawisha,Purchase,Good,,BRIGHT TECHNOLOGIES LIMITED
Printer,Printer,HP Laserjet Printer,BV6501-MSX,VNBRP4T0ZG,7/1/2021,4.83,,20,N/A,Pathfinder International,Stawisha,Donation,Good,,Pathfinder International
Printer,Printer,HP Laserjet Printer,S4Q12JA3QB,VNBRP5F6FT,7/1/2021,4.83,,20,N/A,Pathfinder International,Stawisha,Donation,Good,,Pathfinder International
Printer,Printer,HP Laserjet Printer,430 G4,VNC6G02827,7/1/2021,4.83,,20,N/A,Pathfinder International,Stawisha,Donation,Good,,Pathfinder International
Monitor,Display Monitor,HP MONITOR HP240,800G2 SFF,X0J60AA,9/29/2021,4.59, -   ,20,9346,LVCT Health,Stawisha,Purchase,Good,,Toshiba Max Ltd
Projector,Projector,Epson Projector,Scanjet Pro 4500 fn1,X89T1800213,7/1/2021,4.83,,20,N/A,Pathfinder International,Stawisha,Donation,Good,,Pathfinder International
Monitor,Display Monitor,HP monitor ,E190I,NA000672,9/29/2021,4.59,,20,9346,LVCT Health,Stawisha,Purchase,Good,,Toshiba Max Ltd
Monitor,Display Monitor,Hp monitor E190i,800G2 SFF,NA000673,9/29/2021,4.59,,20,9346,LVCT Health,Stawisha,Purchase,Good,,Toshiba Max Ltd
